{
  "model_type": "Income Prediction",
  "version": "2.0.0",
  "trained_date": "2026-03-06T14:46:07.522214",
  "algorithm": "Stacking Ensemble (RF + ET + XGB + LightGBM + MLP + GB + Huber)",
  "cv_folds": 5,
  "income_stats": {
    "min": 11230.629812353975,
    "max": 155220.13172150217,
    "mean": 41892.257858051,
    "median": 37617.87339402792,
    "std": 17309.83875337455
  },
  "metrics": {
    "individual_models": {
      "random_forest": {
        "mae": 4470.224030846993,
        "rmse": 7105.920903499372,
        "r2": 0.8702540530863997,
        "median_ae": 2854.77399286352,
        "explained_var": 0.87031571951298,
        "mape": 10.25530593087078,
        "train_time": 3.645112
      },
      "extra_trees": {
        "mae": 4680.028658874065,
        "rmse": 6822.052139992748,
        "r2": 0.8627457715556678,
        "median_ae": 3397.0474083960507,
        "explained_var": 0.8627960709507908,
        "mape": 11.163572139520761,
        "train_time": 2.509378
      },
      "xgboost": {
        "mae": 1881.1034792959708,
        "rmse": 2684.732552829084,
        "r2": 0.9791816475459784,
        "median_ae": 1352.491162998318,
        "explained_var": 0.979182921894498,
        "mape": 4.398636935645647,
        "train_time": 1.170768
      },
      "lightgbm": {
        "mae": 1841.621281679632,
        "rmse": 2594.644479770234,
        "r2": 0.9801196303910251,
        "median_ae": 1329.3566106460858,
        "explained_var": 0.9801199880073284,
        "mape": 4.325521691239589,
        "train_time": 3.247313
      },
      "neural_network": {
        "mae": 2225.78189600437,
        "rmse": 3048.9831685052295,
        "r2": 0.970342542026049,
        "median_ae": 1651.0770674291125,
        "explained_var": 0.9703426342946895,
        "mape": 5.314191142364145,
        "train_time": 10.615915
      },
      "gradient_boosting": {
        "mae": 1900.637786279063,
        "rmse": 2768.939845871195,
        "r2": 0.9783591408453262,
        "median_ae": 1371.8787098173107,
        "explained_var": 0.9783592072052799,
        "mape": 4.433619752638748,
        "train_time": 95.364881
      },
      "huber": {
        "mae": 2710.667348188166,
        "rmse": 4001.4235161895504,
        "r2": 0.9526187046065795,
        "median_ae": 1804.2125594285826,
        "explained_var": 0.9531230725726332,
        "mape": 6.212158505564087,
        "train_time": 1.839295
      }
    },
    "cross_validation": {
      "random_forest": {
        "r2_mean": 0.8714309219158005,
        "r2_std": 0.0024231971303655714,
        "mae_mean": 0.10892585596776354,
        "mae_std": 0.0007167524594425897
      },
      "xgboost": {
        "r2_mean": 0.9789697546951841,
        "r2_std": 0.0005491414810251716,
        "mae_mean": 0.04548281556796146,
        "mae_std": 0.0005509514500204561
      },
      "lightgbm": {
        "r2_mean": 0.9786392326303602,
        "r2_std": 0.0032989823216093466,
        "mae_mean": 0.04460660093382215,
        "mae_std": 0.00043488033247932755
      }
    },
    "final_model": {
      "mae": 1841.621281679632,
      "rmse": 2594.644479770234,
      "r2": 0.9801196303910251,
      "median_ae": 1329.3566106460858,
      "explained_var": 0.9801199880073284,
      "mape": 4.325521691239589,
      "train_time": 3.247313
    }
  }
}