{
  "model_type": "Income Prediction",
  "version": "2.0.0",
  "trained_date": "2026-03-05T01:14:29.950272",
  "algorithm": "Stacking Ensemble (RF + ET + XGB + LightGBM + MLP + GB + Huber)",
  "cv_folds": 5,
  "income_stats": {
    "min": 5000.0,
    "max": 400000.0,
    "mean": 69309.26376666667,
    "median": 51117.0,
    "std": 58366.85083632157
  },
  "metrics": {
    "individual_models": {
      "random_forest": {
        "mae": 28271.094963595206,
        "rmse": 45041.30788523077,
        "r2": 0.5548623465198207,
        "median_ae": 17729.14803534393,
        "explained_var": 0.554917632071702,
        "mape": 48.67739423269716,
        "train_time": 3.665641
      },
      "extra_trees": {
        "mae": 27990.49254640499,
        "rmse": 44204.957446876135,
        "r2": 0.5637894024752027,
        "median_ae": 17612.236872678666,
        "explained_var": 0.5637952794289258,
        "mape": 48.4651960783711,
        "train_time": 1.963226
      },
      "xgboost": {
        "mae": 25740.37372249349,
        "rmse": 38523.189461631395,
        "r2": 0.6296254521717739,
        "median_ae": 16917.267578125015,
        "explained_var": 0.6296492175439963,
        "mape": 44.79908188808808,
        "train_time": 3.410988
      },
      "lightgbm": {
        "mae": 25408.078681046914,
        "rmse": 37684.86929258153,
        "r2": 0.6424245179394981,
        "median_ae": 17031.76693295072,
        "explained_var": 0.6424258708573951,
        "mape": 44.349202384107954,
        "train_time": 4.947833
      },
      "neural_network": {
        "mae": 25651.939114439963,
        "rmse": 37536.42383899892,
        "r2": 0.6298363763492929,
        "median_ae": 16787.307286139716,
        "explained_var": 0.6317488335245538,
        "mape": 44.083571482167564,
        "train_time": 5.325278
      },
      "gradient_boosting": {
        "mae": 25460.52421278444,
        "rmse": 37798.28343472187,
        "r2": 0.6329120895202143,
        "median_ae": 16819.932770471994,
        "explained_var": 0.6331980119485943,
        "mape": 45.3034633440114,
        "train_time": 109.438376
      },
      "huber": {
        "mae": 24177.61649891444,
        "rmse": 34679.06474802924,
        "r2": 0.6619117115660801,
        "median_ae": 16295.021991003121,
        "explained_var": 0.6661271601589416,
        "mape": 45.055533075959694,
        "train_time": 2.012933
      }
    },
    "cross_validation": {
      "random_forest": {
        "r2_mean": 0.5546110170552181,
        "r2_std": 0.003840936610792666,
        "mae_mean": 0.5399231533825084,
        "mae_std": 0.006676873445423889
      },
      "xgboost": {
        "r2_mean": 0.6261720607969267,
        "r2_std": 0.003676773786410638,
        "mae_mean": 0.49174335148813475,
        "mae_std": 0.005226123900358076
      },
      "lightgbm": {
        "r2_mean": 0.6400821340482877,
        "r2_std": 0.005166653040159945,
        "mae_mean": 0.4821540474450846,
        "mae_std": 0.006077293021015026
      }
    },
    "final_model": {
      "mae": 24556.400297703993,
      "rmse": 35670.151851039525,
      "r2": 0.6663805283714328,
      "median_ae": 16448.02414436074,
      "explained_var": 0.666395989634099,
      "mape": 43.09690628572251,
      "train_time": 209.621022
    }
  }
}