{
  "model_type": "Job Recommendation",
  "version": "2.0.0",
  "trained_date": "2026-03-06T14:36:44.987511",
  "algorithm": "Stacking Ensemble (RF + XGB + LightGBM + MLP + GB)",
  "top_k": 10,
  "cv_folds": 5,
  "metrics": {
    "individual_models": {
      "random_forest": {
        "accuracy": 0.9438333333333333,
        "top_5_accuracy": 1.0,
        "top_10_accuracy": 1.0,
        "train_time": 11.770069
      }
    },
    "cross_validation": {
      "random_forest": {
        "mean": 0.9452999999999999,
        "std": 0.009446574923101905,
        "scores": [
          0.9573333333333334,
          0.9395,
          0.9325,
          0.9421666666666667,
          0.955
        ]
      }
    },
    "final_model": {
      "accuracy": 0.9438333333333333,
      "top_5_accuracy": 1.0,
      "top_10_accuracy": 1.0,
      "train_time": 11.770069
    }
  }
}