{
  "model_type": "Job Recommendation",
  "version": "2.0.0",
  "trained_date": "2026-03-05T02:03:28.456487",
  "algorithm": "Stacking Ensemble (RF + XGB + LightGBM + MLP + GB)",
  "top_k": 10,
  "cv_folds": 5,
  "metrics": {
    "individual_models": {
      "random_forest": {
        "accuracy": 0.24793388429752067,
        "top_5_accuracy": 0.5371900826446281,
        "top_10_accuracy": 0.6363636363636364,
        "train_time": 3.361734
      },
      "xgboost": {
        "accuracy": 0.06611570247933884,
        "top_5_accuracy": 0.19008264462809918,
        "top_10_accuracy": 0.3140495867768595,
        "train_time": 58.863557
      },
      "lightgbm": {
        "accuracy": 0.10743801652892562,
        "top_5_accuracy": 0.30578512396694213,
        "top_10_accuracy": 0.47107438016528924,
        "train_time": 32.264305
      },
      "neural_network": {
        "accuracy": 0.024793388429752067,
        "top_5_accuracy": 0.10743801652892562,
        "top_10_accuracy": 0.1652892561983471,
        "train_time": 0.141787
      },
      "gradient_boosting": {
        "accuracy": 0.19834710743801653,
        "top_5_accuracy": 0.30578512396694213,
        "top_10_accuracy": 0.34710743801652894,
        "train_time": 122.106683
      }
    },
    "cross_validation": {
      "random_forest": {
        "mean": 0.21428374655647384,
        "std": 0.008036880247839691,
        "scores": [
          0.2231404958677686,
          0.2066115702479339,
          0.20833333333333334,
          0.225,
          0.20833333333333334
        ]
      },
      "xgboost": {
        "mean": 0.03984848484848485,
        "std": 0.022566868628907038,
        "scores": [
          0.049586776859504134,
          0.04132231404958678,
          0.008333333333333333,
          0.075,
          0.025
        ]
      },
      "lightgbm": {
        "mean": 0.06314049586776858,
        "std": 0.012533254568555452,
        "scores": [
          0.06611570247933884,
          0.049586776859504134,
          0.06666666666666667,
          0.08333333333333333,
          0.05
        ]
      },
      "neural_network": {
        "mean": 0.016611570247933884,
        "std": 0.005270894724884339,
        "scores": [
          0.01652892561983471,
          0.01652892561983471,
          0.025,
          0.008333333333333333,
          0.016666666666666666
        ]
      },
      "gradient_boosting": {
        "mean": 0.13783746556473828,
        "std": 0.013102468206493433,
        "scores": [
          0.15702479338842976,
          0.14049586776859505,
          0.14166666666666666,
          0.11666666666666667,
          0.13333333333333333
        ]
      }
    },
    "final_model": {
      "accuracy": 0.24793388429752067,
      "top_5_accuracy": 0.5371900826446281,
      "top_10_accuracy": 0.6363636363636364,
      "train_time": 3.361734
    }
  }
}