{
  "model_name": "Mother Suitability Model",
  "version": "2.0.0",
  "trained_at": "2026-03-06T13:46:08.753405",
  "best_model": "voting_ensemble",
  "accuracy": 0.7581666666666667,
  "precision": 0.7640461171368946,
  "recall": 0.7581666666666667,
  "f1_score": 0.7467845071709298,
  "label_classes": [
    "Excellent",
    "Good",
    "Low",
    "Moderate",
    "Not_Suitable"
  ],
  "feature_count": 112,
  "training_samples": 24000,
  "cv_results": {
    "neural_network": {
      "mean_accuracy": 0.7488666666666667,
      "std_accuracy": 0.005979966555090445,
      "scores": [
        0.7413333333333333,
        0.7578333333333334,
        0.7431666666666666,
        0.7508333333333334,
        0.7511666666666666
      ]
    },
    "random_forest": {
      "mean_accuracy": 0.7474000000000001,
      "std_accuracy": 0.004715930449020623,
      "scores": [
        0.7455,
        0.7553333333333333,
        0.7408333333333333,
        0.7468333333333333,
        0.7485
      ]
    },
    "extra_trees": {
      "mean_accuracy": 0.7436,
      "std_accuracy": 0.004685201288217088,
      "scores": [
        0.7426666666666667,
        0.7498333333333334,
        0.7355,
        0.7445,
        0.7455
      ]
    }
  },
  "all_results": {
    "random_forest": {
      "accuracy": 0.7548333333333334,
      "precision": 0.7586344402935516,
      "recall": 0.7548333333333334,
      "f1_score": 0.7367713681400769,
      "training_time": 2.015404
    },
    "extra_trees": {
      "accuracy": 0.754,
      "precision": 0.7566198467352275,
      "recall": 0.754,
      "f1_score": 0.7340697646992999,
      "training_time": 1.3389
    },
    "xgboost": {
      "accuracy": 0.7395,
      "precision": 0.7421463873898618,
      "recall": 0.7395,
      "f1_score": 0.7351045109589203,
      "training_time": 4.242108
    },
    "lightgbm": {
      "accuracy": 0.7415,
      "precision": 0.742658322330959,
      "recall": 0.7415,
      "f1_score": 0.7366779562859348,
      "training_time": 11.568748
    },
    "hist_gradient_boosting": {
      "accuracy": 0.7513333333333333,
      "precision": 0.7539934838774341,
      "recall": 0.7513333333333333,
      "f1_score": 0.7400376662525584,
      "training_time": 3.808219
    },
    "gradient_boosting": {
      "accuracy": 0.7395,
      "precision": 0.7418083385608224,
      "recall": 0.7395,
      "f1_score": 0.7352694385103599,
      "training_time": 34.75052
    },
    "neural_network": {
      "accuracy": 0.758,
      "precision": 0.7661115137821594,
      "recall": 0.758,
      "f1_score": 0.7516584002319584,
      "training_time": 3.881618
    },
    "voting_ensemble": {
      "accuracy": 0.7581666666666667,
      "precision": 0.7640461171368946,
      "recall": 0.7581666666666667,
      "f1_score": 0.7467845071709298,
      "training_time": 16.216049
    },
    "stacking_ensemble": {
      "accuracy": 0.7566666666666667,
      "precision": 0.7602897025583294,
      "recall": 0.7566666666666667,
      "f1_score": 0.7429971131403096,
      "training_time": 21.999269
    }
  }
}