{
  "model_name": "Skill Gap Analyzer",
  "version": "2.0.0",
  "trained_at": "2026-03-06T13:57:56.004377",
  "best_model": "hist_gradient_boosting",
  "accuracy": 0.5463333333333333,
  "precision": 0.5512058720727019,
  "recall": 0.9534461910519951,
  "f1_score": 0.6985603543743079,
  "feature_count": 160,
  "training_samples": 24000,
  "cv_results": {
    "hist_gradient_boosting": {
      "mean_accuracy": 0.5476,
      "std_accuracy": 0.0013808210118138751,
      "scores": [
        0.5481666666666667,
        0.5491666666666667,
        0.5486666666666666,
        0.5465,
        0.5455
      ]
    },
    "neural_network": {
      "mean_accuracy": 0.5456333333333333,
      "std_accuracy": 0.0010456258094238588,
      "scores": [
        0.5468333333333333,
        0.5445,
        0.5455,
        0.5468333333333333,
        0.5445
      ]
    },
    "extra_trees": {
      "mean_accuracy": 0.5193333333333333,
      "std_accuracy": 0.0034091380468121535,
      "scores": [
        0.5226666666666666,
        0.5141666666666667,
        0.5165,
        0.5208333333333334,
        0.5225
      ]
    }
  },
  "all_results": {
    "random_forest": {
      "accuracy": 0.5148333333333334,
      "precision": 0.54522670312144,
      "recall": 0.723397823458283,
      "f1_score": 0.621800701572041,
      "roc_auc": 0.48983294584159076,
      "training_time": 5.477313
    },
    "extra_trees": {
      "accuracy": 0.5196666666666667,
      "precision": 0.5507626310772163,
      "recall": 0.6986094316807738,
      "f1_score": 0.6159381663113006,
      "roc_auc": 0.5005409237994793,
      "training_time": 2.328578
    },
    "xgboost": {
      "accuracy": 0.5125,
      "precision": 0.5485424588086185,
      "recall": 0.6541717049576784,
      "f1_score": 0.5967185992003309,
      "roc_auc": 0.4912999644250239,
      "training_time": 3.350128
    },
    "lightgbm": {
      "accuracy": 0.503,
      "precision": 0.546758462421113,
      "recall": 0.5761789600967352,
      "f1_score": 0.5610833088018841,
      "roc_auc": 0.49333362230515065,
      "training_time": 2.465959
    },
    "hist_gradient_boosting": {
      "accuracy": 0.5463333333333333,
      "precision": 0.5512058720727019,
      "recall": 0.9534461910519951,
      "f1_score": 0.6985603543743079,
      "roc_auc": 0.4943918318597268,
      "training_time": 0.326364
    },
    "gradient_boosting": {
      "accuracy": 0.5126666666666667,
      "precision": 0.5478564307078764,
      "recall": 0.6644498186215235,
      "f1_score": 0.6005464480874317,
      "roc_auc": 0.5024867671869357,
      "training_time": 162.189096
    },
    "neural_network": {
      "accuracy": 0.5418333333333333,
      "precision": 0.5510502283105023,
      "recall": 0.912031438935913,
      "f1_score": 0.6870089946487533,
      "roc_auc": 0.49854780432325796,
      "training_time": 2.659114
    },
    "logistic_regression": {
      "accuracy": 0.49983333333333335,
      "precision": 0.5471582181259601,
      "recall": 0.538391777509069,
      "f1_score": 0.5427396007923205,
      "roc_auc": 0.49207176622569265,
      "training_time": 0.099862
    },
    "ensemble": {
      "accuracy": 0.5286666666666666,
      "precision": 0.5481540930979133,
      "recall": 0.8258766626360339,
      "f1_score": 0.6589483839845635,
      "training_time": 174.93119
    }
  }
}