{
  "model_name": "Skill-Job Matching Model",
  "version": "2.0.0",
  "trained_at": "2026-03-06T14:09:55.217853",
  "best_model": "xgboost",
  "accuracy": 0.9996666666666667,
  "precision": 0.9996668439244881,
  "recall": 0.9996666666666667,
  "f1_score": 0.9996666365881459,
  "label_classes": [
    "Low",
    "Medium"
  ],
  "feature_count": 184,
  "training_samples": 24000,
  "cv_results": {
    "xgboost": {
      "mean_accuracy": 0.9994333333333334,
      "std_accuracy": 0.00024944382578494944,
      "scores": [
        0.999,
        0.9996666666666667,
        0.9996666666666667,
        0.9995,
        0.9993333333333333
      ]
    },
    "lightgbm": {
      "mean_accuracy": 0.9994333333333334,
      "std_accuracy": 0.00029059326290273307,
      "scores": [
        0.999,
        0.9996666666666667,
        0.9996666666666667,
        0.9996666666666667,
        0.9991666666666666
      ]
    },
    "gradient_boosting": {
      "mean_accuracy": 0.9996333333333333,
      "std_accuracy": 0.000163299316185568,
      "scores": [
        0.9996666666666667,
        0.9996666666666667,
        0.9998333333333334,
        0.9996666666666667,
        0.9993333333333333
      ]
    }
  },
  "all_results": {
    "random_forest": {
      "accuracy": 0.9991666666666666,
      "precision": 0.9991677736450584,
      "recall": 0.9991666666666666,
      "f1_score": 0.9991664782538224,
      "training_time": 1.7872
    },
    "extra_trees": {
      "accuracy": 0.9953333333333333,
      "precision": 0.9953678373382624,
      "recall": 0.9953333333333333,
      "f1_score": 0.9953273228791865,
      "training_time": 1.054166
    },
    "xgboost": {
      "accuracy": 0.9996666666666667,
      "precision": 0.9996668439244881,
      "recall": 0.9996666666666667,
      "f1_score": 0.9996666365881459,
      "training_time": 0.646947
    },
    "lightgbm": {
      "accuracy": 0.9996666666666667,
      "precision": 0.9996668439244881,
      "recall": 0.9996666666666667,
      "f1_score": 0.9996666365881459,
      "training_time": 1.233565
    },
    "gradient_boosting": {
      "accuracy": 0.9996666666666667,
      "precision": 0.9996668439244881,
      "recall": 0.9996666666666667,
      "f1_score": 0.9996666365881459,
      "training_time": 7.106634
    },
    "neural_network": {
      "accuracy": 0.9941666666666666,
      "precision": 0.9941815565565566,
      "recall": 0.9941666666666666,
      "f1_score": 0.9941610609809934,
      "training_time": 3.47528
    },
    "ensemble": {
      "accuracy": 0.9996666666666667,
      "precision": 0.9996668439244881,
      "recall": 0.9996666666666667,
      "f1_score": 0.9996666365881459,
      "training_time": 19.30902
    }
  }
}